Authors,Title,Publication,Volume,Number,Pages,Year,Publisher
"Tatonetti, Nicholas P; Liu, Tianyun; Altman, Russ B; ",Predicting drug side-effects by chemical systems biology,Genome biology,10,9,1-4,2009,BioMed Central
"Garten, YAEL; Tatonetti, Nicholas P; Altman, Russ B; ",Improving the prediction of pharmacogenes using text-derived drug-gene relationships,Biocomputing 2010,,,305-314,2010,
"Tatonetti, Nicholas P; Denny, JC; Murphy, SN; Fernald, GH; Krishnan, G; Castro, V; Yue, P; Tsau, PS; Kohane, I; Roden, DM; ",Detecting drug interactions from adverse‐event reports: interaction between paroxetine and pravastatin increases blood glucose levels,Clinical Pharmacology & Therapeutics,90,1,133-142,2011,
"Tatonetti, Nicholas P; Dudley, Joel T; Sagreiya, Hersh; Butte, Atul J; Altman, Russ B; ",An integrative method for scoring candidate genes from association studies: application to warfarin dosing,BMC bioinformatics,11,9,1-7,2010,BioMed Central
"Karczewski, Konrad J; Tatonetti, Nicholas P; Landt, Stephen G; Yang, Xinqiong; Slifer, Teri; Altman, Russ B; Snyder, Michael; ",Cooperative transcription factor associations discovered using regulatory variation,Proceedings of the National Academy of Sciences,108,32,13353-13358,2011,National Academy of Sciences
"Tatonetti, Nicholas P; Fernald, Guy Haskin; Altman, Russ B; ",A novel signal detection algorithm for identifying hidden drug-drug interactions in adverse event reports,Journal of the American Medical Informatics Association,19,1,79-85,2011,BMJ Publishing Group Ltd
"Karczewski, Konrad J; Tirrell, Robert P; Cordero, Pablo; Tatonetti, Nicholas P; Dudley, Joel T; Salari, Keyan; Snyder, Michael; Altman, Russ B; Kim, Stuart K; ","Interpretome: a freely available, modular, and secure personal genome interpretation engine",Biocomputing 2012,,,339-350,2012,
"Tatonetti, Nicholas P; Ye, Patrick P; Daneshjou, Roxana; Altman, Russ B; ",Data-driven prediction of drug effects and interactions,Science translational medicine,4,125,125ra31-125ra31,2012,American Association for the Advancement of Science
"Tatonetti, Nicholas P; Denny, Joshua C; Altman, Russ B; ",Response to ‘Use of an algorithm for identifying hidden drug—drug interactions in adverse event reports’ by Gooden et al,Journal of the American Medical Informatics Association,20,3,591-591,2013,"BMJ Publishing Group BMA House, Tavistock Square, London, WC1H 9JR"
"White, Ryen W; Tatonetti, Nicholas P; Shah, Nigam H; Altman, Russ B; Horvitz, Eric; ",Web-scale pharmacovigilance: listening to signals from the crowd,Journal of the American Medical Informatics Association,20,3,404-408,2013,"BMJ Publishing Group BMA House, Tavistock Square, London, WC1H 9JR"
"Vilar, Santiago; Uriarte, Eugenio; Santana, Lourdes; Tatonetti, Nicholas P; Friedman, Carol; ",Detection of drug-drug interactions by modeling interaction profile fingerprints,PloS one,8,3,e58321,2013,Public Library of Science
"Matos, Maria J; Vilar, Santiago; Gonzalez-Franco, Rosa Mª; Uriarte, Eugenio; Santana, Lourdes; Friedman, Carol; Tatonetti, Nicholas P; Viña, Dolores; Fontenla, Jose A; ","Novel (coumarin-3-yl) carbamates as selective MAO-B inhibitors: Synthesis, in vitro and in vivo assays, theoretical evaluation of ADME properties and docking study",European journal of medicinal chemistry,63,,151-161,2013,Elsevier Masson
"Ferino, Giulio; Cadoni, Enzo; Matos, Maria João; Quezada, Elias; Uriarte, Eugenio; Santana, Lourdes; Vilar, Santiago; Tatonetti, Nicholas P; Yáñez, Matilde; Viña, Dolores; ","MAO Inhibitory Activity of 2‐Arylbenzofurans versus 3‐Arylcoumarins: Synthesis, in vitro Study, and Docking Calculations",ChemMedChem,8,6,956-966,2013,WILEY‐VCH Verlag Weinheim
"Daneshjou, Roxana; Tatonetti, Nicholas P; Karczewski, Konrad J; Sagreiya, Hersh; Bourgeois, Stephane; Drozda, Katarzyna; Burmester, James K; Tsunoda, Tatsuhiko; Nakamura, Yusuke; Kubo, Michiaki; ",Pathway analysis of genome-wide data improves warfarin dose prediction,BMC genomics,14,3,1-12,2013,BioMed Central
"Perera, Minoli A; Cavallari, Larisa H; Limdi, Nita A; Gamazon, Eric R; Konkashbaev, Anuar; Daneshjou, Roxana; Pluzhnikov, Anna; Crawford, Dana C; Wang, Jelai; Liu, Nianjun; ",Genetic variants associated with warfarin dose in African-American individuals: a genome-wide association study,The Lancet,382,9894,790-796,2013,Elsevier
"Tatonetti, Nicholas; Altman, Russ B; Fernald, Guy Haskin; ",Signal detection algorithms to identify drug effects and drug interactions,,,,,2016,"US Patent 9,305,267"
"Matos, Maria J; Vilar, Santiago; Tatonetti, Nicholas P; Santana, Lourdes; Uriarte, Eugenio; ","Comparative study of the 3-phenylcoumarin scaffold: Synthesis, X-ray structural analysis and semiempirical calculations of a selected series of compounds",Journal of Molecular Structure,1050,,185-191,2013,Elsevier
"Jacunski, A; Tatonetti, NP; ",Connecting the dots: applications of network medicine in pharmacology and disease,Clinical Pharmacology & Therapeutics,94,6,659-669,2013,
"Sun, Xiaochen; Vilar, Santiago; Tatonetti, Nicholas P; ",High-throughput methods for combinatorial drug discovery,Science translational medicine,5,205,205rv1-205rv1,2013,American Association for the Advancement of Science
"Behr, Elijah R; Ritchie, Marylyn D; Tanaka, Toshihiro; Kääb, Stefan; Crawford, Dana C; Nicoletti, Paola; Floratos, Aris; Sinner, Moritz F; Kannankeril, Prince J; Wilde, Arthur AM; ",Genome wide analysis of drug-induced torsades de pointes: lack of common variants with large effect sizes,PloS one,8,11,e78511,2013,Public Library of Science
"Karczewski, Konrad J; Fernald, Guy Haskin; Martin, Alicia R; Snyder, Michael; Tatonetti, Nicholas P; Dudley, Joel T; ","STORMSeq: an open-source, user-friendly pipeline for processing personal genomics data in the cloud",PloS one,9,1,e84860,2014,Public Library of Science
"Karczewski, Konrad J; Snyder, Michael; Altman, Russ B; Tatonetti, Nicholas P; ","Coherent functional modules improve transcription factor target identification, cooperativity prediction, and disease association",PLoS genetics,10,2,e1004122,2014,"Public Library of Science San Francisco, USA"
"Matos, Maria João; Janeiro, Patricia; Gonzalez Franco, Rosa Maria; Vilar, Santiago; Tatonetti, Nicholas P; Santana, Lourdes; Uriarte, Eugenio; Borges, Fernanda; Fontenla, José Angel; Vina, Dolores; ","Synthesis, pharmacological study and docking calculations of new benzo [f] coumarin derivatives as dual inhibitors of enzymatic systems involved in neurodegenerative diseases",Future Medicinal Chemistry,6,4,371-383,2014,"Future Science Ltd London, UK"
"Hoffman, Keith B; Dimbil, Mo; Erdman, Colin B; Tatonetti, Nicholas P; Overstreet, Brian M; ",The Weber effect and the United States Food and Drug Administration’s Adverse Event Reporting System (FAERS): analysis of sixty-two drugs approved from 2006 to 2010,Drug safety,37,4,283-294,2014,Springer International Publishing
"Matos, Maria João; Vilar, Santiago; García‐Morales, Verónica; Tatonetti, Nicholas P; Uriarte, Eugenio; Santana, Lourdes; Viña, Dolores; ",Insight into the Functional and Structural Properties of 3‐Arylcoumarin as an Interesting Scaffold in Monoamine Oxidase B Inhibition,ChemMedChem,9,7,1488-1500,2014,WILEY‐VCH Verlag Weinheim
"Delogu, Giovanna L; Serra, Silvia; Quezada, Elias; Uriarte, Eugenio; Vilar, Santiago; Tatonetti, Nicholas P; Viña, Dolores; ",Monoamine Oxidase (MAO) Inhibitory Activity: 3‐Phenylcoumarins versus 4‐Hydroxy‐3‐phenylcoumarins,ChemMedChem,9,8,1672-1676,2014,WILEY‐VCH Verlag Weinheim
"Li, Li; Ruau, David J; Patel, Chirag J; Weber, Susan C; Chen, Rong; Tatonetti, Nicholas P; Dudley, Joel T; Butte, Atul J; ",Disease risk factors identified through shared genetic architecture and electronic medical records,Science translational medicine,6,234,234ra57-234ra57,2014,American Association for the Advancement of Science
"Dixon, Scott J; Patel, Darpan N; Welsch, Matthew; Skouta, Rachid; Lee, Eric D; Hayano, Miki; Thomas, Ajit G; Gleason, Caroline E; Tatonetti, Nicholas P; Slusher, Barbara S; ",Pharmacological inhibition of cystine–glutamate exchange induces endoplasmic reticulum stress and ferroptosis,elife,3,,e02523,2014,eLife Sciences Publications Limited
"Boland, MR; Tatonetti, NP; Hripcsak, G; ",CAESAR: A classification approach for extracting severity automatically from electronic health records,Intelligent Systems for Molecular Biology Phenotype Day,,,1-8,2014,
"Ali, Ziad A; Poludasu, Shyam; Qureshi, Yasir H; Krishnan, Prakash; Ali, Ayyaz A; Tatonetti, Nicholas; Downey, Peter; Zalewski, Adrian; Nazif, Tamim; George, Isaac; ",Impact of major bleeding on long-term mortality in anemic versus nonanemic patients undergoing percutaneous coronary intervention using bivalirudin,The American Journal of Cardiology,113,9,1481-1486,2014,Excerpta Medica
"Boyce, Richard D; Ryan, Patrick B; Norén, G Niklas; Schuemie, Martijn J; Reich, Christian; Duke, Jon; Tatonetti, Nicholas P; Trifiro, Gianluca; Harpaz, Rave; Overhage, J Marc; ",Bridging islands of information to establish an integrated knowledge base of drugs and health outcomes of interest,Drug safety,37,8,557-567,2014,Springer International Publishing
"Matos, Maria João; Vilar, Santiago; Kachler, Sonja; Fonseca, André; Santana, Lourdes; Uriarte, Eugenio; Borges, Fernanda; Tatonetti, Nicholas P; Klotz, Karl‐Norbert; ",Insight into the interactions between novel coumarin derivatives and human A3 adenosine receptors,ChemMedChem,9,10,2245-2253,2014,WILEY‐VCH Verlag Weinheim
"Vilar, Santiago; Uriarte, Eugenio; Santana, Lourdes; Lorberbaum, Tal; Hripcsak, George; Friedman, Carol; Tatonetti, Nicholas P; ",Similarity-based modeling in large-scale prediction of drug-drug interactions,Nature protocols,9,9,2147-2163,2014,Nature Publishing Group
"Hoffman, Keith B; Demakas, Andrea R; Dimbil, Mo; Tatonetti, Nicholas P; Erdman, Colin B; ",Stimulated reporting: the impact of US food and drug administration-issued alerts on the adverse event reporting system (FAERS),Drug safety,37,11,971-980,2014,Springer International Publishing
"Vilar, S; Ryan, PB; Madigan, D; Stang, PE; Schuemie, MJ; Friedman, C; Tatonetti, NP; Hripcsak, G; ",Similarity‐based modeling applied to signal detection in pharmacovigilance,CPT: pharmacometrics & systems pharmacology,3,9,1-9,2014,
"Matos, Maria João; Vilar, Santiago; Kachler, Sonja; Fonseca, André; Santana, Lourdes; Uriarte, Eugenio; Borges, Fernanda; Tatonetti, Nicholas P; Klotz, Karl‐Norbert; ",Back Cover: Insight into the Interactions between Novel Coumarin Derivatives and Human A3 Adenosine Receptors (ChemMedChem 10/2014),ChemMedChem,9,10,2392-2392,2014,WILEY‐VCH Verlag Weinheim
"Matos, MJ; Vilar, S; Kachler, S; Fonseca, A; Santana, L; Uriarte, E; Borges, F; Tatonetti, NP; Klotz, KN; Archambault-LØger, V; ","N. Nasheri, CS McKay, K. Fulton, S. Twine, MH Powdrill, AR Sherratt, JP Pezacki* Hydrophobic Triaryl-Substituted b-Lactams as Activity-Based Probes for Profiling Eukaryotic Enzymes and Host–Pathogen Interactions",,,,,,
"Lorberbaum, Tal; Nasir, Mavra; Keiser, Michael J; Vilar, Santiago; Hripcsak, George; Tatonetti, Nicholas P; ",Systems pharmacology augments drug safety surveillance,Clinical Pharmacology & Therapeutics,97,2,151-158,2015,
"Vilar, Santiago; Uriarte, Eugenio; Santana, Lourdes; Friedman, Carol; P Tatonetti, Nicholas; ",State of the art and development of a drug-drug interaction large scale predictor based on 3D pharmacophoric similarity,Current Drug Metabolism,15,5,490-501,2014,Bentham Science Publishers
"Moskovitch, Robert; Walsh, Colin; Hripcsak, George; Tatonetti, NP; ",Prediction of biomedical events via time intervals mining,ACM KDD Workshop on Connected Health in Big Data Era,,,119,2014,
"Vilar, Santiago; Tatonetti, Nicholas P; Hripcsak, George; ",3D pharmacophoric similarity improves multi adverse drug event identification in pharmacovigilance,Scientific reports,5,1,1-9,2015,Nature Publishing Group
"Boland, Mary Regina; Tatonetti, Nicholas P; Hripcsak, George; ",Development and validation of a classification approach for extracting severity automatically from electronic health records,Journal of biomedical semantics,6,1,1-13,2015,BioMed Central
"Boland, Mary Regina; Tatonetti, Nicholas P; ",Are all vaccines created equal? Using electronic health records to discover vaccines associated with clinician-coded adverse events,AMIA Summits on Translational Science Proceedings,2015,,196,2015,American Medical Informatics Association
"Ayvaz, Serkan; Horn, John; Hassanzadeh, Oktie; Zhu, Qian; Stan, Johann; Tatonetti, Nicholas P; Vilar, Santiago; Brochhausen, Mathias; Samwald, Matthias; Rastegar-Mojarad, Majid; ",Toward a complete dataset of drug–drug interaction information from publicly available sources,Journal of biomedical informatics,55,,206-217,2015,Academic Press
"Boland, Mary Regina; Shahn, Zachary; Madigan, David; Hripcsak, George; Tatonetti, Nicholas P; ",Birth month affects lifetime disease risk: a phenome-wide method,Journal of the American Medical Informatics Association,22,5,1042-1053,2015,Oxford University Press
"Nissim, Nir; Boland, Mary Regina; Moskovitch, Robert; Tatonetti, Nicholas P; Elovici, Yuval; Shahar, Yuval; Hripcsak, George; ",An active learning framework for efficient condition severity classification,Conference on Artificial Intelligence in Medicine in Europe,,,13-24,2015,"Springer, Cham"
"Vilar, Santiago; Lorberbaum, Tal; Hripcsak, George; Tatonetti, Nicholas P; ",Improving detection of arrhythmia drug-drug interactions in pharmacovigilance data through the implementation of similarity-based modeling,PloS one,10,6,e0129974,2015,"Public Library of Science San Francisco, CA USA"
"Lorberbaum, Tal; Sampson, Kevin J; Woosley, Raymond L; Kass, Robert S; Tatonetti, Nicholas P; ",Data science identifies novel drug interactions that prolong the QT interval,bioRxiv,,,024745,2015,Cold Spring Harbor Laboratory
"Yahi, Alexandre; Tatonetti, Nicholas P; ","A knowledge-based, automated method for phenotyping in the EHR using only clinical pathology reports",AMIA Summits on Translational Science Proceedings,2015,,64,2015,American Medical Informatics Association
"Jacunski, Alexandra; Dixon, Scott J; Tatonetti, Nicholas P; ",Connectivity homology enables inter-species network models of synthetic lethality,PLoS computational biology,11,10,e1004506,2015,"Public Library of Science San Francisco, CA USA"
"Boland, Mary Regina; Jacunski, Alexandra; Lorberbaum, Tal; Romano, Joseph D; Moskovitch, Robert; Tatonetti, Nicholas P; ",Systems biology approaches for identifying adverse drug reactions and elucidating their underlying biological mechanisms,Wiley Interdisciplinary Reviews: Systems Biology and Medicine,8,2,104-122,2016,"John Wiley & Sons, Inc. Hoboken, USA"
"Romano, Joseph D; Tatonetti, Nicholas P; ","VenomKB, a new knowledge base for facilitating the validation of putative venom therapies",Scientific data,2,1,1-9,2015,Nature Publishing Group
"Kidd, Brian A; Wroblewska, Aleksandra; Boland, Mary R; Agudo, Judith; Merad, Miriam; Tatonetti, Nicholas P; Brown, Brian D; Dudley, Joel T; ",Mapping the effects of drugs on the immune system,Nature biotechnology,34,1,47-54,2016,Nature Publishing Group
"Hoffman, Keith B; Dimbil, Mo; Kyle, Robert F; Tatonetti, Nicholas P; Erdman, Colin B; Demakas, Andrea; Chen, Dingguo; Overstreet, Brian M; ",A drug safety rating system based on postmarketing costs associated with adverse events and patient outcomes,Journal of Managed Care & Specialty Pharmacy,21,12,1134-1143c,2015,Academy of Managed Care Pharmacy
"Manrai, Arjun K; Patel, Chirag J; Gehlenborg, Nils; Tatonetti, Nicholas P; Ioannidis, John PA; Kohane, Isaac S; ",Methods to enhance the reproducibility of precision medicine,Biocomputing 2016: Proceedings of the Pacific Symposium,,,180-182,2016,
"Ananiadou, Sophia; Smalheiser, Neil; Nenadic, Goran; Melton-Meaux, Genevieve; Cohen, Trevor; Prabhakaran, Balakrishnan; Jimeno, Antonio; Jiang, Xiaoqian; Torii, Manabu; Shahar, Yuval; ",ICHI 2015 Program Committee,,,,,,
"Boland, Mary Regina; Hripcsak, George; Ryan, Patrick; Tatonetti, Nicholas P; ",A Climate-Wide Journey to Explore Mechanisms Underlying Birth Month-Disease Risk Associations: A Call for Collaboration,Observational Health Data Sciences and Informatics Symposium 2015,,,,,
"Moskovitch, Robert; Walsh, Colin; Wang, Fei; Hripcsak, George; Tatonetti, Nicholas; ",Outcomes prediction via time intervals related patterns,2015 IEEE international conference on data mining,,,919-924,2015,IEEE
"Lorberbaum, Tal; Sampson, Kevin J; Woosley, Raymond L; Kass, Robert S; Tatonetti, Nicholas P; ",An integrative data science pipeline to identify novel drug interactions that prolong the QT interval,Drug safety,39,5,433-441,2016,Springer International Publishing
"Hoffman, Keith B; Dimbil, Mo; Tatonetti, Nicholas P; Kyle, Robert F; ",A pharmacovigilance signaling system based on FDA regulatory action and post-marketing adverse event reports,Drug safety,39,6,561-575,2016,Springer International Publishing
"Polubriaginof, Fernanda; Tatonetti, Nicholas P; Vawdrey, David K; ",An assessment of family history information captured in an electronic health record,AMIA Annual Symposium Proceedings,2015,,2035,2015,American Medical Informatics Association
"Deng, Changchun; Lipstein, Mark; Scotto, Luigi; Hao, Yun; Tatonetti, Nicholas P; Mangone, Michael; Li, Shirong; Lentzsch, Suzanne; Realubit, Ronald B; Karan Jr, Charles; ",Disruption of the mTOR-eIF4F Axis By Selectively Targeting PI3Kdelta and Proteasome Potently Inhibits Cap Dependent Translation of c-Myc in Aggressive Lymphomas,Blood,126,23,593,2015,Content Repository Only!
"Nissim, Nir; Boland, Mary Regina; Tatonetti, Nicholas P; Elovici, Yuval; Hripcsak, George; Shahar, Yuval; Moskovitch, Robert; ",Improving condition severity classification with an efficient active learning based framework,Journal of biomedical informatics,61,,44-54,2016,Academic Press
"Boland, Mary Regina; Tatonetti, Nicholas P; ",In search of ‘birth month genes’: using existing data repositories to locate genes underlying birth month-disease relationships,AMIA Summits on Translational Science Proceedings,2016,,189,2016,American Medical Informatics Association
"Banda, Juan M; Evans, Lee; Vanguri, Rami S; Tatonetti, Nicholas P; Ryan, Patrick B; Shah, Nigam H; ",A curated and standardized adverse drug event resource to accelerate drug safety research,Scientific data,3,1,1-11,2016,Nature Publishing Group
"Gayvert, Kaitlyn M; Dardenne, Etienne; Cheung, Cynthia; Boland, Mary Regina; Lorberbaum, Tal; Wanjala, Jackline; Chen, Yu; Rubin, Mark A; Tatonetti, Nicholas P; Rickman, David S; ",A computational drug repositioning approach for targeting oncogenic transcription factors,Cell reports,15,11,2348-2356,2016,Cell Press
"Boland, Mary Regina; Tatonetti, NP5028238; ",Investigation of 7-dehydrocholesterol reductase pathway to elucidate off-target prenatal effects of pharmaceuticals: a systematic review,The pharmacogenomics journal,16,5,411-429,2016,Nature Publishing Group
"Moskovitch, Robert; Choi, Hyunmi; Hripcsak, George; Tatonetti, Nicholas P; ",Prognosis of clinical outcomes with temporal patterns and experiences with one class feature selection,IEEE/ACM transactions on computational biology and bioinformatics,14,3,555-563,2016,IEEE
"Chang, Jeremy B; Quinnies, Kayla M; Realubit, Ronald; Karan, Charles; Rand, Jacob H; Tatonetti, Nicholas P; ","A novel, rapid method to compare the therapeutic windows of oral anticoagulants using the Hill coefficient",Scientific Reports,6,1,1-5,2016,Nature Publishing Group
"Polubriaginof, Fernanda; Vanguri, Rami; Quinnies, Kayla; Belbin, Gillian M; Yahi, Alexandre; Salmasian, Hojjat; Lorberbaum, Tal; Nwankwo, Victor; Li, Li; Shervey, Mark; ",Estimate of disease heritability using 7.4 million familial relationships inferred from electronic health records,,,,,2018,
"Hao, Yun; Tatonetti, Nicholas P; ",Predicting G protein-coupled receptor downstream signaling by tissue expression,Bioinformatics,32,22,3435-3443,2016,Oxford University Press
"Tatonetti, Nicholas; Altman, Russ B; Fernald, Guy Haskin; ",Signal detection algorithms to identify drug effects and drug interactions,,,,,2019,"US Patent 10,354,202"
"Romano, Joseph D; Tatonetti, Nicholas P; ",Using a novel ontology to inform the discovery of therapeutic peptides from animal venoms,AMIA Summits on Translational Science Proceedings,2016,,209,2016,American Medical Informatics Association
"Li, Li; Boland, Mary Regina; Miotto, Riccardo; Tatonetti, Nicholas P; Dudley, Joel T; ",Replicating cardiovascular condition-birth month associations,Scientific reports,6,1,1-7,2016,Nature Publishing Group
"Lorberbaum, Tal; Sampson, Kevin J; Woosley, Raymond L; Kass, Robert S; Tatonetti, Nicholas P; ",Supplementary Material for An integrative data science pipeline to identify novel drug interactions that prolong the QT interval,,,,,,
"Jacunski, Alexandra; Tatonetti, Nicholas; ",Method for identifying synthetic lethality,,,,,2016,"US Patent App. 15/055,319"
"Lorberbaum, Tal; Sampson, Kevin J; Chang, Jeremy B; Iyer, Vivek; Woosley, Raymond L; Kass, Robert S; Tatonetti, Nicholas P; ",Coupling data mining and laboratory experiments to discover drug interactions causing QT prolongation,Journal of the American College of Cardiology,68,16,1756-1764,2016,"American College of Cardiology Foundation Washington, DC"
"Boland, MR; Tatonetti, NP; ",Supplemental Appendix for,,,,,,
"Deng, Changchun; Lipstein, Mark R; Scotto, Luigi; Jirau Serrano, Xavier O; Mangone, Michael A; Li, Shirong; Vendome, Jeremie; Hao, Yun; Xu, Xiaoming; Deng, Shi-Xian; ",Silencing c-Myc translation as a therapeutic strategy through targeting PI3Kδ and CK1ε in hematological malignancies,"Blood, The Journal of the American Society of Hematology",129,1,88-99,2017,"American Society of Hematology Washington, DC"
"Johnson, Kipp W; Shameer, Khader; Yahi, Alexandre; Miotto, Riccardo; Ricks, Doran; Jebakaran, Jebakumar; Kovatch, Patricia; Sengupta, Partho; Reich, David L; Kasarskis, Andrew; ","Pharmacological factors associated with congestive heart failure hospital readmission: a case-study using 15,768 heart failure patients from two health systems",Circulation,134,suppl_1,A19489-A19489,2016,"Lippincott Williams & Wilkins Hagerstown, MD"
"Shameer, Khader; Johnson, Kipp W; Yahi, Alexandre; Miotto, Riccardo; Li, LI; Ricks, Doran; Jebakaran, Jebakumar; Kovatch, Patricia; Sengupta, Partho P; Gelijns, Sengupta; ",Predictive modeling of hospital readmission rates using electronic medical record-wide machine learning: a case-study using Mount Sinai heart failure cohort,Pacific Symposium on Biocomputing 2017,,,276-287,2017,
"Karczewski, Konrad J; Tatonetti, Nicholas P; Manrai, Arjun K; Patel, Chirag J; Brown, C Titus; Ioannidis, John PA; ",Methods to ensure the reproducibility of biomedical research,PACIFIC SYMPOSIUM ON BIOCOMPUTING 2017,,,117-119,2017,
"Tatonetti, Nicholas P; ","Data-Driven Detection, Prediction, and Validation of Drug-Drug Interactions",,,,,2012,Stanford University
"Xu, Katherine; Rosenstiel, Paul; Paragas, Neal; Hinze, Christian; Gao, Xiaobo; Shen, Tian Huai; Werth, Max; Forster, Catherine; Deng, Rong; Bruck, Efrat; ",Unique transcriptional programs identify subtypes of AKI,Journal of the American Society of Nephrology,28,6,1729-1740,2017,American Society of Nephrology
"Boland, Mary Regina; Karczewski, Konrad J; Tatonetti, Nicholas P; ",Ten simple rules to enable multi-site collaborations through data sharing,PLoS Computational Biology,13,1,e1005278,2017,"Public Library of Science San Francisco, CA USA"
"Boland, Mary Regina; Shahn, Zachary; Madigan, David; Hripcsak, George; Tatonetti, Nicholas P; ",Birth Month Affects Lifetime Disease Risk: A Phenome-Wide Method,HUMAN HEREDITY,81,2,52-52,2016,"KARGER ALLSCHWILERSTRASSE 10, CH-4009 BASEL, SWITZERLAND"
,Large-scale adverse effects related to treatment evidence standardization (LAERTES): an open scalable system for linking pharmacovigilance evidence sources with clinical data,Journal of biomedical semantics,8,,1-15,2017,BioMed Central
"Boland, Mary Regina; Karczewski, Konrad J; Tatonetti, Nicholas P; ",Journal: Ten simple rules to enable multi-site collaborations through data sharing,,,,,,
"Lorberbaum, Tal; Tatonetti, Nicholas P; ","Reply: Combination Therapy With Ceftriaxone and Lansoprazole, Acquired Long QT Syndrome and Torsades de Pointes Risk",Journal of the American College of Cardiology,69,14,1877-1878,2017,"American College of Cardiology Foundation Washington, DC"
"Boland, Mary Regina; Parhi, Pradipta; Gentine, Pierre; Tatonetti, Nicholas P; ",Climate classification is an important factor in assessing quality-of-care across hospitals,Scientific Reports,7,1,1-6,2017,Nature Publishing Group
"Moskovitch, Robert; Polubriaginof, Fernanda; Weiss, Aviram; Ryan, Patrick; Tatonetti, Nicholas; ",Procedure prediction from symbolic Electronic Health Records via time intervals analytics,Journal of Biomedical Informatics,75,,70-82,2017,Academic Press
"Macesic, Nenad; Polubriaginof, Fernanda; Tatonetti, Nicholas P; ",Machine learning: novel bioinformatics approaches for combating antimicrobial resistance,Current opinion in infectious diseases,30,6,511-517,2017,Wolters Kluwer
"Boland, Mary Regina; Parhi, Pradipta; Li, Li; Miotto, Riccardo; Carroll, Robert; Iqbal, Usman; Nguyen, Phung-Anh; Schuemie, Martijn; You, Seng Chan; Smith, Donahue; ",Uncovering exposures responsible for birth season–disease effects: a global study,Journal of the American Medical Informatics Association,25,3,275-288,2018,Oxford University Press
"Boland, Mary Regina; Polubriaginof, Fernanda; Tatonetti, Nicholas P; ",Development of a machine learning algorithm to classify drugs of unknown fetal effect,Scientific reports,7,1,1-15,2017,Nature Publishing Group
"Tatonetti, Nicholas P; ",Translational medicine in the Age of Big Data,Briefings in bioinformatics,20,2,457-462,2019,Oxford University Press
"Yahi, Alexandre; Vanguri, Rami; Elhadad, Noémie; Tatonetti, Nicholas P; ",Generative adversarial networks for electronic health records: A framework for exploring and evaluating methods for predicting drug-induced laboratory test trajectories,arXiv preprint arXiv:1712.00164,,,,2017,
"Kennel, Peter J; Saha, Amit; Maldonado, Dawn A; Givens, Raymond; Brunjes, Danielle L; Castillero, Estibaliz; Zhang, Xiaokan; Ji, Ruiping; Yahi, Alexandre; George, Isaac; ",Serum exosomal protein profiling for the non-invasive detection of cardiac allograft rejection,The Journal of Heart and Lung Transplantation,37,3,409-417,2018,Elsevier
"Tatonetti, Nicholas P; ","The next generation of drug safety science: coupling detection, corroboration, and validation to discover novel drug effects and drug–drug interactions",Clinical Pharmacology & Therapeutics,103,2,177-179,2018,
"Mahadeshwar, Pooja; Kapoor, Teja; Quinnies, Kayla; Tatonetti, Nicholas; Hui-Yuen, Joyce; Nguyen, Samantha; Bathon, Joan; Neville, Kayla; Miceli, James; Tanner, Stacy; ",Prevalence of Progressive Multifocal Leukoencephalopathy in Adults and Children with Systemic Lupus Erythematosus,ARTHRITIS & RHEUMATOLOGY,68,,,2016,"WILEY 111 RIVER ST, HOBOKEN 07030-5774, NJ USA"
"Boland, M; Polubriaginof, F; Tatonetti, NP; ",A MACHINE LEARNING ALGORITHM TO CLASSIFY FDA CATEGORY C DRUGS.,CLINICAL PHARMACOLOGY & THERAPEUTICS,103,,S10-S10,2018,"WILEY 111 RIVER ST, HOBOKEN 07030-5774, NJ USA"
"Boland, Mary Regina; Parhi, Pradipta; Gentine, Pierre; Tatonetti, Nicholas P; ",Climate Classification is an Important Factor in Assessing Hospital Performance Metrics,AGU Fall Meeting Abstracts,2017,,IN53A-0079,2017,
"Romano, Joseph D; Nwankwo, Victor; Tatonetti, Nicholas P; ",VenomKB v2. 0: A knowledge repository for computational toxinology,bioRxiv,,,295204,2018,Cold Spring Harbor Laboratory
"Faye, Adam S; Polubriaginof, Fernanda; Green, Peter H; Vawdrey, David K; Tatonetti, Nicholas; Lebwohl, Benjamin; ",Mo1024-Low Rates of Screening for Celiac Disease Among Family Members; Analysis of Algorithm-Identified Familial Relationships,Gastroenterology,154,6,S-674-S-675,2018,WB Saunders
"Polubriaginof, Fernanda CG; Vanguri, Rami; Quinnies, Kayla; Belbin, Gillian M; Yahi, Alexandre; Salmasian, Hojjat; Lorberbaum, Tal; Nwankwo, Victor; Li, Li; Shervey, Mark M; ",Disease heritability inferred from familial relationships reported in medical records,Cell,173,7,1692-1704. e11,2018,Cell Press
"Faye, Adam S; Polubriaginof, Fernanda; Green, Peter HR; Vawdrey, David K; Tatonetti, Nicholas; Lebwohl, Benjamin; ",Low rates of screening for celiac disease among family members,Clinical Gastroenterology and Hepatology,17,3,463-468,2019,WB Saunders
"Hao, Yun; Quinnies, Kayla; Realubit, Ronald; Karan, Charles; Tatonetti, Nicholas P; ",Tissue‐Specific Analysis of Pharmacological Pathways,CPT: pharmacometrics & systems pharmacology,7,7,453-463,2018,
"Chang, JB; Realubit, R; Karan, C; Rand, J; Tatonetti, NP; ",A novel approach to evaluating oral anticoagulants,JOURNAL OF THROMBOSIS AND HAEMOSTASIS,13,,899-899,2015,"WILEY-BLACKWELL 111 RIVER ST, HOBOKEN 07030-5774, NJ USA"
"Tatonetti, Nicholas P; ",Science as a Culinary Art: How Data Science and Informatics Will Change Knowledge Discovery for Everyone,Annual Review of Biomedical Data Science,1,,iv-vi,2018,Annual Reviews
"Bockting, Walter; Reame, Nancy; Tatonetti, Nicholas; Arcia, Adriana; Bjarnadottir, Ragnhildur I; Brown III, William; Berkowitz, Bobbie; Bakken, Suzanne; ",Application of Expert-and Informatics-Based Approaches to Understand the Health-Related Needs of LGBT Populations,,,,,2014,
"Yahi, Alexandre; Lappalainen, Tuuli; Mohammadi, Pejman; Tatonetti, Nicholas P; ",RecNW: a fast pairwise aligner for targeted sequencing,bioRxiv,,,371989,2018,Cold Spring Harbor Laboratory
"Spagnolo, Fabrizio; Cristofari, Pierre; Tatonetti, Nicholas P; Ginzburg, Lev R; Dykhuizen, Daniel E; ",Pathogen population structure can explain hospital outbreaks,The ISME journal,12,12,2835-2843,2018,Nature Publishing Group
"Hao, Yun; Tatonetti, Nicholas P; ",Predicting negative control drugs to support research in drug safety,bioRxiv,,,380832,2018,Cold Spring Harbor Laboratory
"Vilar Varela, Santiago; Tatonetti, Nicholas P; Hripcsak, George M; ",3D Pharmacophoric Similarity improves Multi Adverse Drug Event Identification in Pharmacovigilance,,,,,2015,
"Vilar Varela, Santiago; Lorberbaum, Tal; Hripcsak, George M; Tatonetti, Nicholas P; ",Improving Detection of Arrhythmia Drug-Drug Interactions in Pharmacovigilance Data through the Implementation of Similarity-Based Modeling,,,,,2015,
"Shameer, Khader; Perez-Rodriguez, M Mercedes; Bachar, Roy; Li, Li; Johnson, Amy; Johnson, Kipp W; Glicksberg, Benjamin S; Smith, Milo R; Readhead, Ben; Scarpa, Joseph; ",Pharmacological risk factors associated with hospital readmission rates in a psychiatric cohort identified using prescriptome data mining,BMC Medical Informatics and Decision Making,18,3,1-11,2018,BioMed Central
"Tatonetti, Nicholas; Lebwohl, Benjamin; ",Low Rates of Screening for Celiac Disease Among Family Members,Clinical Gastroenterology and Hepatology,,,1,2018,
"Ta, Casey N; Dumontier, Michel; Hripcsak, George; Tatonetti, Nicholas P; Weng, Chunhua; ","Columbia Open Health Data, clinical concept prevalence and co-occurrence from electronic health records",Scientific data,5,1,1-17,2018,Nature Publishing Group
"Castillero, Estibaliz; Ali, Ziad A; Akashi, Hirokazu; Giangreco, Nicholas; Wang, Catherine; Stöhr, Eric J; Ji, Ruping; Zhang, Xiaokan; Kheysin, Nathaniel; Park, Joo-Eun S; ",Structural and functional cardiac profile after prolonged duration of mechanical unloading: potential implications for myocardial recovery,American Journal of Physiology-Heart and Circulatory Physiology,315,5,H1463-H1476,2018,"American Physiological Society Bethesda, MD"
"Giangreco, Nicholas; Chen, Emily; Zorn, Emmanuel; Restaino, Susan; Colombo, Paolo C; Tatonetti, Nicholas; Fine, Barry; ",Identification of novel primary graft dysfunction biomarkers using exosome proteomics,Circulation,136,suppl_1,A19311-A19311,2017,"Lippincott Williams & Wilkins Hagerstown, MD"
"Glicksberg, Benjamin S; Oskotsky, Boris; Giangreco, Nicholas; Thangaraj, Phyllis M; Rudrapatna, Vivek; Datta, Debajyoti; Frazier, Remi; Lee, Nelson; Larsen, Rick; Tatonetti, Nicholas P; ",ROMOP: a light-weight R package for interfacing with OMOP-formatted electronic health record data,JAMIA open,2,1,10-14,2019,Oxford University Press
"Vilar Varela, Santiago; Uriarte, Eugenio; Santana, Lourdes; Tatonetti, Nicholas P; Friedman, Carol; ",Detection of drug-drug interactions by modeling interaction profile fingerprints,,,,,2013,
"Giangreco, Nicholas; Lebreton, Guillaume; Restaino, Susan; Farr, Maryjane; Colombo, Paolo; Zorn, Emmanuel; LePrince, Pascal; Kobashigawa, Jon; Tatonetti, Nicholas; Fine, Barry; ",Standardized and reproducible analysis enables identification of novel primary graft dysfunction biomarkers using exosome proteomics,F1000Research,7,,,2018,
"Giangreco, Nicholas; Tatonetti, Nicholas; ",Using precision pharmacoviglance to detect developmentally-regulated adverse drug reactions: a case study with antiepileptic drugs,F1000Research,7,,,2018,
"Polubriaginof, Fernanda CG; Shang, Ning; Hripcsak, George; Tatonetti, Nicholas P; Vawdrey, David K; ",Low screening rates for diabetes mellitus among family members of affected relatives,AMIA Annual Symposium Proceedings,2018,,1471,2018,American Medical Informatics Association
"Giangreco, Nicholas; Tatonetti, Nicholas; ",Using precision pharmacovigilance to detect and evaluate antiepileptic drug associated adverse reactions in pediatric patients,F1000Research,7,,,2018,
"Thangaraj, Phyllis; Kummer, Benjamin; Lorberbaum, Tal; Elkind, Mitchell; Tatonetti, Nicholas; ","Comparative analysis of EHR-based stroke phenotyping methods, their applications, and interpretation",bioRxiv,,,565671,2019,Cold Spring Harbor Laboratory
"Giangreco, N; Lebreton, G; Restaino, S; Farr, M; Colombo, PC; Zorn, E; Tatonetti, N; Leprince, P; Kobashigawa, J; Fine, B; ",Exosome Proteomics and Machine Learning Identify Novel Biomarkers of Primary Graft Dysfunction,The Journal of Heart and Lung Transplantation,38,4,S137,2019,Elsevier
"Krigel, Anna; Tatonetti, Nicholas; Neugut, Alfred I; Lebwohl, Benjamin; ",Mo1634–No Increased Risk of Colorectal Adenomas in Spouses of Patients with Colorectal Neoplasia,Gastroenterology,156,6,S-810,2019,WB Saunders
"Romano, Joseph D; Tatonetti, Nicholas P; ",Informatics and computational methods in natural product drug discovery: a review and perspectives,Frontiers in genetics,10,,368,2019,Frontiers
"Giangreco, Nicholas P; Fine, Barry; Tatonetti, Nicholas P; ",cohorts: A Python package for clinical ‘omics data management,bioRxiv,,,626051,2019,Cold Spring Harbor Laboratory
"Ahalt, Stanley C; Chute, Christopher G; Fecho, Karamarie; Glusman, Gustavo; Hadlock, Jennifer; Taylor, Casey Overby; Pfaff, Emily R; Robinson, Peter N; Solbrig, Harold; Ta, Casey; ","Clinical data: sources and types, regulatory constraints, applications",Clinical and translational science,12,4,329,2019,Wiley-Blackwell
"Glicksberg, Benjamin S; Oskotsky, Boris; Thangaraj, Phyllis M; Giangreco, Nicholas; Badgeley, Marcus A; Johnson, Kipp W; Datta, Debajyoti; Rudrapatna, Vivek A; Rappoport, Nadav; Shervey, Mark M; ",PatientExploreR: an extensible application for dynamic visualization of patient clinical history from electronic health records in the OMOP common data model,Bioinformatics,35,21,4515-4518,2019,Oxford University Press
"Romano, Joseph D; Li, Hai; Realubit, Ronald; Karan, Charles; Tatonetti, Nicholas P; ",Discovering therapeutic activities from venoms using differential gene expression,bioRxiv,,,699280,2019,Cold Spring Harbor Laboratory
"Polubriaginof, Fernanda CG; Ryan, Patrick; Salmasian, Hojjat; Shapiro, Andrea Wells; Perotte, Adler; Safford, Monika M; Hripcsak, George; Smith, Shaun; Tatonetti, Nicholas P; Vawdrey, David K; ",Challenges with quality of race and ethnicity data in observational databases,Journal of the American Medical Informatics Association,26,8-9,730-736,2019,Oxford University Press
"Basile, Anna O; Yahi, Alexandre; Tatonetti, Nicholas P; ",Artificial intelligence for drug toxicity and safety,Trends in pharmacological sciences,40,9,624-635,2019,Elsevier Current Trends
"Liu, Zhouzerui; Tatonetti, Nicholas; ",Familial relationships in electronic health records (EHR) v2,bioRxiv,,,731976,2019,Cold Spring Harbor Laboratory
"Desanti De Oliveira, Beatriz; Xu, Katherine; Shen, Tian H; Callahan, Miriam; Kiryluk, Krzysztof; D’Agati, Vivette D; Tatonetti, Nicholas P; Barasch, Jonathan; Devarajan, Prasad; ",Molecular nephrology: types of acute tubular injury,Nature Reviews Nephrology,15,10,599-612,2019,Nature Publishing Group
"Lyudovyk, Olga; Shen, Yufeng; Tatonetti, Nicholas P; Hsiao, Susan J; Mansukhani, Mahesh M; Weng, Chunhua; ",Pathway analysis of genomic pathology tests for prognostic cancer subtyping,Journal of biomedical informatics,98,,103286,2019,Academic Press
"Ramlall, Vijendra; Quinnies, Kayla M; Vanguri, Rami; Lorberbaum, Tal; Goldstein, David B; Tatonetti, Nicholas P; ",Predicting the genetic ancestry of 2.6 million New York City patients using clinical data,bioRxiv,,,768440,2019,Cold Spring Harbor Laboratory
"Basile, Anna; Anyanwu-Ofili, Anuli; Rajagopal, Gunaretnam; Farrell, Ava; Destin, Brittney; Krikhely, Abraham; Bessler, Marc; Tatonetti, Nicholas; Wattacheril, Julia J; ",ELECTRONIC HEALTH RECORD PHENOTYPING ALGORITHM IDENTIFIES PATIENTS WITH ADVANCED FIBROSIS IN A LARGE COHORT WITH NONALCOHOLIC FATTY LIVER DISEASE,HEPATOLOGY,70,,1137A-1137A,2019,"WILEY 111 RIVER ST, HOBOKEN 07030-5774, NJ USA"
"Zimmerman, Noah; Tatonetti, Nicholas P; Dudley, Joel T; ",AMarketplace FOR HEALTH: OPPORTUNITIES AND CHALLENGES FOR BIOMEDICAL BLOCKCHAINS,,,,,2019,
"Karczewski, KJ; Fernald, GH; Martin, AR; Snyder, M; Tatonetti, NP; Dudley, JT; ",STORMSeq: An Open-Source,"User-Friendly Pipeline for Processing Personal Genomics Data in the Cloud, PlosOne",9,1,,2014,
"Brenner, Steven E; Bulyk, Martha L; Crawford, Dana C; Morgan, Alexander A; Radivojac, Predrag; Tatonetti, Nicholas P; ","Precision Medicine: Addressing the Challenges of Sharing, Analysis, and Privacy at Scale",PACIFIC SYMPOSIUM ON BIOCOMPUTING 2020,,,547-550,2019,
"Moskovitch, Robert; Walsh, Colin; Hripcsak, George; Tatonetti, Nicholas; ",Prediction of Clinical Procedures via Time Intervals Mining,,,,,,
"Thangaraj, Phyllis M; Gisladottir, Undina; Tatonetti, Nicholas P; ",Medical data and machine learning improve power of stroke genome-wide association studies,bioRxiv,,,,2020,Cold Spring Harbor Laboratory
"Castillero, Estibaliz; Ali, Ziad A; Akashi, Hirokazu; Giangreco, Nicholas; Wang, Catherine; Stöhr, Eric J; Ji, Ruping; Zhang, Xiaokan; Kheysin, Nathaniel; Park, Joo-Eun S; ",Muscle Mechanics and Ventricular Function: Structural and functional cardiac profile after prolonged duration of mechanical unloading: potential implications for myocardial recovery,American Journal of Physiology-Heart and Circulatory Physiology,315,5,H1463,2018,American Physiological Society
"Macesic, Nenad; Bear Don’t Walk IV, Oliver J; Pe’er, Itsik; Tatonetti, Nicholas P; Peleg, Anton Y; Uhlemann, Anne-Catrin; ",Predicting phenotypic polymyxin resistance in Klebsiella pneumoniae through machine learning analysis of genomic data,Msystems,5,3,e00656-19,2020,"American Society for Microbiology 1752 N St., NW, Washington, DC"
"Kapoor, Teja; Mahadeshwar, Pooja; Hui-Yuen, Joyce; Quinnies, Kayla; Tatonetti, Nicholas; Gartshteyn, Yevgeniya; Guo, Cathy; Geraldino-Pardilla, Laura; Askanase, Anca D; ",Prevalence of progressive multifocal leukoencephalopathy (PML) in adults and children with systemic lupus erythematosus,Lupus science & medicine,7,1,e000388,2020,Archives of Disease in childhood
"Boland, Mary-Regina; Tatonetti, Nicholas P; ",Attention deficit-hyperactivity disorder and month of school enrollment,The New England journal of medicine,380,7,692-693,2019,
"Yahi, Alexandre; Tatonetti, Nicholas P; ",Simulating drug effects on blood glucose laboratory test time series with a conditional WGAN,medRxiv,,,,2020,Cold Spring Harbor Laboratory Press
"Yahi, Alexandre; Hoffman, Paul; Brandt, Margot; Mohammadi, Pejman; Tatonetti, Nicholas P; Lappalainen, Tuuli; ",EdiTyper: a high-throughput tool for analysis of targeted sequencing data from genome editing experiments,bioRxiv,,,,2020,Cold Spring Harbor Laboratory
"Ramlall, Vijendra; Thangaraj, Phyllis M; Meydan, Cem; Foox, Jonathan; Butler, Daniel; Kim, Jacob; May, Ben; De Freitas, Jessica K; Glicksberg, Benjamin S; Mason, Christopher E; ",Immune complement and coagulation dysfunction in adverse outcomes of SARS-CoV-2 infection,Nature medicine,26,10,1609-1615,2020,Nature Publishing Group
"Chandak, Payal; Tatonetti, Nicholas P; ",Using machine learning to identify adverse drug effects posing increased risk to women,Patterns,1,7,100108,2020,Elsevier
"Giangreco, Nicholas P; Elias, Jonathan E; Tatonetti, Nicholas P; ",No population left behind: Improving paediatric drug safety using informatics and systems biology,British Journal of Clinical Pharmacology,,,,2020,
"Ramlall, Vijendra; Zucker, Jason; Tatonetti, Nicholas; ",Melatonin is significantly associated with survival of intubated COVID-19 patients,MedRxiv,,,,2020,Cold Spring Harbor Laboratory Press
"Ostvar, Sassan; Truong, Han; Silver, Elisabeth R; Lightdale, Charles J; Hur, Chin; Tatonetti, Nicholas P; ",Transfer learning from simulations improves the classification of OCT images of glandular epithelia,bioRxiv,,,,2020,Cold Spring Harbor Laboratory
"Zietz, Michael; Zucker, Jason; Tatonetti, Nicholas P; ","Associations between blood type and COVID-19 infection, intubation, and death",Nature communications,11,1,1-6,2020,Nature Publishing Group
"Spurlin, Emily E; Han, Esther S; Silver, Elisabeth R; May, Benjamin L; Tatonetti, Nicholas P; Hur, Chin; Advincula, Arnold P; Hur, Hye-Chun; ",The Impact of the COVID-19 Pandemic on Obstetric and Gynecologic Procedures and Consults at a Metropolitan Hospital in the Epicenter,Journal of Minimally Invasive Gynecology,27,7,S108-S109,2020,Elsevier
"Koleck, Theresa A; Tatonetti, Nicholas P; Bakken, Suzanne; Mitha, Shazia; Henderson, Morgan M; George, Maureen; Miaskowski, Christine; Smaldone, Arlene; Topaz, Maxim; ",Identifying symptom information in clinical notes using natural language processing,Nursing research,70,3,173-183,2021,LWW
"Spurlin, Emily E; Han, Esther S; Silver, Elisabeth R; May, Benjamin L; Tatonetti, Nicholas P; Ingram, Myles A; Jin, Zhezhen; Hur, Chin; Advincula, Arnold P; Hur, Hye-Chun; ",Where have all the emergencies gone? The impact of the COVID-19 pandemic on obstetric and gynecologic procedures and consults at a New York City hospital,Journal of minimally invasive gynecology,28,7,1411-1419. e1,2021,Elsevier
"Silver, Elisabeth R; Truong, Han Q; Ostvar, Sassan; Hur, Chin; Tatonetti, Nicholas P; ",Association of neighborhood deprivation index with success in cancer care crowdfunding,JAMA network open,3,12,e2026946-e2026946,2020,American Medical Association
"Washington, Peter; Yeung, Serena; Percha, Bethany; Tatonetti, Nicholas; Liphardt, Jan; Wall, Dennis P; ",Achieving trustworthy biomedical data solutions,BIOCOMPUTING 2021: Proceedings of the Pacific Symposium,,,1-13,2020,
"Kim, Catherine; Tatonetti, Nicholas; ",Prediction of adverse drug reactions associated with drug-drug interactions using hierarchical classification,bioRxiv,,,,2021,Cold Spring Harbor Laboratory
"Giangreco, Nicholas P; Tatonetti, Nicholas P; ",Evaluating risk detection methods to uncover ontogenic-mediated adverse drug effect mechanisms in children,BioData mining,14,1,1-17,2021,BioMed Central
"Kennel, Peter J; Yahi, Alexandre; Naka, Yoshifumi; Mancini, Donna M; Marboe, Charles C; Max, Klaas; Akat, Kemal; Tuschl, Thomas; Vasilescu, Elena‐Rodica M; Zorn, Emmanuel; ",Longitudinal profiling of circulating miRNA during cardiac allograft rejection: a proof‐of‐concept study,ESC heart failure,8,3,1840-1849,2021,
"Butler, Daniel; Mozsary, Christopher; Meydan, Cem; Foox, Jonathan; Rosiene, Joel; Shaiber, Alon; Danko, David; Afshinnekoo, Ebrahim; MacKay, Matthew; Sedlazeck, Fritz J; ","Shotgun transcriptome, spatial omics, and isothermal profiling of SARS-CoV-2 infection reveals unique host responses, viral diversification, and drug interactions",Nature communications,12,1,1-17,2021,Nature Publishing Group
"Liu, Zhigang; Wang, Yifan; Huang, Yuhui; Kim, Betty YS; Shan, Hong; Wu, Depei; Jiang, Wen; Basile, Anna O; Yahi, Alexandre; Tatonetti, Nicholas P; ",608 Max-imizing the Attenuation of Myc Using Small Molecules,Science & Society,40,9,605-710,2019,
"Shang, Ning; Khan, Atlas; Polubriaginof, Fernanda; Zanoni, Francesca; Mehl, Karla; Fasel, David; Drawz, Paul E; Carrol, Robert J; Denny, Joshua C; Hathcock, Matthew A; ",Medical records-based chronic kidney disease phenotype for clinical care and “big data” observational and genetic studies,NPJ digital medicine,4,1,1-13,2021,Nature Publishing Group
"Wattacheril, J; Basile, AO; Verma, A; Tang, LA; Serper, M; Scanga, A; Farrell, A; Destin, BM; Carr, RM; Anyanwu-Ofili, A; ","Rapid Identification and Phenotyping of Nonalcoholic Fatty Liver Disease Patients Using an Automated Algorithmic Approach in Diverse, Urban Healthcare Systems",,,,,2021,
"Tatonetti, Nicholas; Hao, Yun; ",Methods and systems for predicting success rates of clinical trials,,,,,2021,"US Patent App. 17/085,688"
"Tatonetti, Nicholas P; Elhadad, Noémie; ",Fine-scale genetic ancestry as a potential new tool for precision medicine,Nature Medicine,27,7,1152-1153,2021,Nature Publishing Group
"Johnson, Kipp; Narula, Jagat; Glicksberg, Benjamin; Shameer, Khader; Chaudhry, Farhan; Yahi, Alexandre; Khan, Nayaab; Amadori, Letizia; Krittanawong, Chayakrit; Readhead, Ben; ",Repurposing the atypical antidepressant trazodone for atherosclerotic cardiovascular disease,,,,,2021,
"Giangreco, Nicholas P; Lebreton, Guillaume; Restaino, Susan; Farr, Mary Jane; Zorn, Emmanuel; Colombo, Paolo C; Patel, Jignesh; Levine, Ryan; Truby, Lauren; Soni, Rajesh Kumar; ",Plasma kallikrein predicts primary graft dysfunction after heart transplant,The Journal of Heart and Lung Transplantation,40,10,1199-1211,2021,Elsevier
"Vanguri, Rami S; Romano, Joseph D; Lorberbaum, Tal; Youn, Choonhan; Nwankwo, Victor; Tatonetti, Nicholas P; ",nSides: An interactive drug–side effect gateway,,,,,,
"Giangreco, Nicholas P; Tatonetti, Nicholas P; ",A database of pediatric drug effects to evaluate ontogenic mechanisms from child growth and development,Available at SSRN 3898786,,,,2021,
"McGrath, Scott P; Benton, Mary Lauren; Tavakoli, Maryam; Tatonetti, Nicholas P; ","Predictions, Pivots, and a Pandemic: a Review of 2020's Top Translational Bioinformatics Publications",Yearbook of Medical Informatics,30,01,219-225,2021,Georg Thieme Verlag KG
"Koleck, Theresa A; Topaz, Maxim; Tatonetti, Nicholas P; George, Maureen; Miaskowski, Christine; Smaldone, Arlene; Bakken, Suzanne; ",Characterizing shared and distinct symptom clusters in common chronic conditions through natural language processing of nursing notes,Research in Nursing & Health,44,6,906-919,2021,
"Nissim, N; Boland, MR; Moskovitch, R; Tatonetti, NP; Elovici, Y; Shahar, Y; ",An active learning enhancement for conditions severity classification,"NYC, USA: ACM KDD on Workshop on Connected Health at Big Data Era",,,,2014,
"Hao, Yun; Thangaraj, Phyllis; Tatonetti, Nicholas; ",Predicting the Toxicity of Druggable Proteins to Human Tissues,bioRxiv,,,,2021,Cold Spring Harbor Laboratory
"Giangreco, Nicholas P; Lina, Sulieman; Qian, Jun; Kuoame, Aymone; Subbian, Vignesh; Boerwinkle, Eric; Cicek, Mine; Clark, Cheryl R; Cohen, Elizabeth; Gebo, Kelly A; ",Pediatric data from the All of Us research program: demonstration of pediatric obesity over time,JAMIA Open,4,4,ooab112,2021,Oxford University Press
"Huang, Xiayuan; Tatonetti, Nicholas; LaRow, Katie; Delgoffee, Brooke; Mayer, John; Page, David; Hebbring, Scott J; ",E-Pedigrees: a large-scale automatic family pedigree prediction application,Bioinformatics,37,21,3966-3968,2021,Oxford University Press
"Park, Jiwoon; Foox, Jonathan; Hether, Tyler; Danko, David C; Warren, Sarah; Kim, Youngmi; Reeves, Jason; Butler, Daniel J; Mozsary, Christopher; Rosiene, Joel; ",System-wide transcriptome damage and tissue identity loss in COVID-19 patients,Cell Reports Medicine,3,2,100522,2022,Cell Press
"Basile, Anna O; Verma, Anurag; Tang, Leigh Anne; Serper, Marina; Scanga, Andrew; Farrell, Ava; Destin, Brittney; Carr, Rotonya M; Anyanwu-Ofili, Anuli; Rajagopal, Gunaretnam; ","Rapid Identification and Phenotyping of Nonalcoholic Fatty Liver Disease Patients Using an Automated Algorithmic Approach in Diverse, Urban Healthcare Systems",medRxiv,,,,2021,Cold Spring Harbor Laboratory Press
"Biswas, Saptarshi; Shahriar, Sanjid; Giangreco, Nicholas P; Arvanitis, Panos; Winkler, Markus; Tatonetti, Nicholas P; Brunken, William J; Cutforth, Tyler; Agalliu, Dritan; ",Mural norrin/β-catenin signaling regulates Lama2 expression to promote neurovascular unit assembly,bioRxiv,,,,2022,Cold Spring Harbor Laboratory
"Shen, Tian Huai; Stauber, Jacob; Xu, Katherine; Jacunski, Alexandra; Paragas, Neal; Callahan, Miriam; Banlengchit, Run; Levitman, Abraham D; De Oliveira, Beatriz Desanti; Beenken, Andrew; ",Snapshots of nascent RNA reveal cell-and stimulus-specific responses to acute kidney injury,JCI insight,,,,2022,American Society for Clinical Investigation
